"Day","Date","Hashtags","Content","CharCount"
"1","02/06/2026","#WonderSummer2026 #VinWonders #GreenCreator #HeLaPhaiDiVinWonders","Phải công nhận VinWonders mùa hè này đầu tư quá trời! Cảm giác như đang ở resort 5 sao luôn ý. Ai đã từng đến đây chưa? #WonderSummer2026 #VinWonders #GreenCreator #HeLaPhaiDiVinWonders #ViralThreads #WonderSummer #DuLichHe2026 #Vinpearl #SummerVibes","250"
"2","03/06/2026","#WonderSummer2026 #VinWonders #GreenCreator #HeLaPhaiDiVinWonders","Mình vừa ở VinWonders về, phải nói là quá đã luôn các bác ơi! Có ai như mình không, cứ đến hè là lại muốn đi công viên giải trí? #WonderSummer2026 #VinWonders #GreenCreator #HeLaPhaiDiVinWonders #ViralThreads #WonderSummer #DuLichHe2026 #Vinpearl #SummerVibes","259"
"3","04/06/2026","#WonderSummer2026 #VinWonders #GreenCreator #HeLaPhaiDiVinWonders","Mình đã khám phá hết VinWonders mất 2 ngày liền. Tip nhỏ: nên đi từ sáng sớm để chơi được nhiều trò nha! #WonderSummer2026 #VinWonders #GreenCreator #HeLaPhaiDiVinWonders #ViralThreads #WonderSummer #DuLichHe2026 #Vinpearl #SummerVibes","235"
"4","05/06/2026","#WonderSummer2026 #VinWonders #GreenCreator #HeLaPhaiDiVinWonders","Mình vừa ở VinWonders về, phải nói là quá đã luôn các bác ơi! Có ai như mình không, cứ đến hè là lại muốn đi công viên giải trí? #WonderSummer2026 #VinWonders #GreenCreator #HeLaPhaiDiVinWonders #ViralThreads #WonderSummer #DuLichHe2026 #Vinpearl #SummerVibes","259"
"5","06/06/2026","#WonderSummer2026 #VinWonders #GreenCreator #HeLaPhaiDiVinWonders","Một ngày ở VinWonders thực sự đáng nhớ! Từ tàu lượn đến công viên nước, không có điểm dừng. Các bác đã thử chưa? #WonderSummer2026 #VinWonders #GreenCreator #HeLaPhaiDiVinWonders #ViralThreads #WonderSummer #DuLichHe2026 #Vinpearl #SummerVibes","243"
"6","07/06/2026","#WonderSummer2026 #VinWonders #GreenCreator #HeLaPhaiDiVinWonders","Một ngày ở VinWonders thực sự đáng nhớ! Từ tàu lượn đến công viên nước, không có điểm dừng. Các bác đã thử chưa? #WonderSummer2026 #VinWonders #GreenCreator #HeLaPhaiDiVinWonders #ViralThreads #WonderSummer #DuLichHe2026 #Vinpearl #SummerVibes","243"
"7","08/06/2026","#WonderSummer2026 #VinWonders #GreenCreator #HeLaPhaiDiVinWonders","Vừa trải nghiệm tàu lượn siêu tốc ở VinWonders xong, tim vẫn còn đập thình thịch! Ai đã thử chưa, cảm giác thế nào? #WonderSummer2026 #VinWonders #GreenCreator #HeLaPhaiDiVinWonders #ViralThreads #WonderSummer #DuLichHe2026 #Vinpearl #SummerVibes","246"
"8","09/06/2026","#WonderSummer2026 #VinWonders #GreenCreator #HeLaPhaiDiVinWonders","Sáng đi VinWonders hay chiều đi VinWonders? Mọi người chọn giờ nào để chơi cho đã? #WonderSummer2026 #VinWonders #GreenCreator #HeLaPhaiDiVinWonders #ViralThreads #WonderSummer #DuLichHe2026 #Vinpearl #SummerVibes","213"
"9","10/06/2026","#WonderSummer2026 #VinWonders #GreenCreator #HeLaPhaiDiVinWonders","Chuyện là hôm qua mình đi VinWonders, lúc đầu tính chơi có 2 tiếng thôi mà cuối cả ngày mới về. Đã quá các bác ạ! #WonderSummer2026 #VinWonders #GreenCreator #HeLaPhaiDiVinWonders #ViralThreads #WonderSummer #DuLichHe2026 #Vinpearl #SummerVibes","244"
"10","11/06/2026","#WonderSummer2026 #VinWonders #GreenCreator #HeLaPhaiDiVinWonders","Mình vừa ở VinWonders về, phải nói là quá đã luôn các bác ơi! Có ai như mình không, cứ đến hè là lại muốn đi công viên giải trí? #WonderSummer2026 #VinWonders #GreenCreator #HeLaPhaiDiVinWonders #ViralThreads #WonderSummer #DuLichHe2026 #Vinpearl #SummerVibes","259"
"11","12/06/2026","#WonderSummer2026 #VinWonders #GreenCreator #HeLaPhaiDiVinWonders","Kỷ niệm đáng nhớ nhất ở VinWonders là lúc... kể mà không hết chuyện. Ai muốn nghe không? #WonderSummer2026 #VinWonders #GreenCreator #HeLaPhaiDiVinWonders #ViralThreads #WonderSummer #DuLichHe2026 #Vinpearl #SummerVibes","219"
"12","13/06/2026","#WonderSummer2026 #VinWonders #GreenCreator #HeLaPhaiDiVinWonders","Sáng đi VinWonders hay chiều đi VinWonders? Mọi người chọn giờ nào để chơi cho đã? #WonderSummer2026 #VinWonders #GreenCreator #HeLaPhaiDiVinWonders #ViralThreads #WonderSummer #DuLichHe2026 #Vinpearl #SummerVibes","213"
"13","14/06/2026","#WonderSummer2026 #VinWonders #GreenCreator #HeLaPhaiDiVinWonders","Vừa trải nghiệm tàu lượn siêu tốc ở VinWonders xong, tim vẫn còn đập thình thịch! Ai đã thử chưa, cảm giác thế nào? #WonderSummer2026 #VinWonders #GreenCreator #HeLaPhaiDiVinWonders #ViralThreads #WonderSummer #DuLichHe2026 #Vinpearl #SummerVibes","246"
"14","15/06/2026","#WonderSummer2026 #VinWonders #GreenCreator #HeLaPhaiDiVinWonders","Nhìn ảnh bạn bè đi VinWonders mà thèm quá! Hè này nhất định phải đi mới được! #WonderSummer2026 #VinWonders #GreenCreator #HeLaPhaiDiVinWonders #ViralThreads #WonderSummer #DuLichHe2026 #Vinpearl #SummerVibes","208"
"15","16/06/2026","#WonderSummer2026 #VinWonders #GreenCreator #HeLaPhaiDiVinWonders","Vừa trải nghiệm tàu lượn siêu tốc ở VinWonders xong, tim vẫn còn đập thình thịch! Ai đã thử chưa, cảm giác thế nào? #WonderSummer2026 #VinWonders #GreenCreator #HeLaPhaiDiVinWonders #ViralThreads #WonderSummer #DuLichHe2026 #Vinpearl #SummerVibes","246"
"16","17/06/2026","#WonderSummer2026 #VinWonders #GreenCreator #HeLaPhaiDiVinWonders","Mùa hè này: VinWonders Đà Nẵng hay VinWonders Phú Quốc? Bên nào đáng trải nghiệm hơn? #WonderSummer2026 #VinWonders #GreenCreator #HeLaPhaiDiVinWonders #ViralThreads #WonderSummer #DuLichHe2026 #Vinpearl #SummerVibes","216"
"17","18/06/2026","#WonderSummer2026 #VinWonders #GreenCreator #HeLaPhaiDiVinWonders","Tin nóng: Wonder Summer 2026 đang diễn ra! Ai chưa đi thì nhanh chân kẻo lỡ hè nha! #WonderSummer2026 #VinWonders #GreenCreator #HeLaPhaiDiVinWonders #ViralThreads #WonderSummer #DuLichHe2026 #Vinpearl #SummerVibes","214"
"18","19/06/2026","#WonderSummer2026 #VinWonders #GreenCreator #HeLaPhaiDiVinWonders","Mình đã khám phá hết VinWonders mất 2 ngày liền. Tip nhỏ: nên đi từ sáng sớm để chơi được nhiều trò nha! #WonderSummer2026 #VinWonders #GreenCreator #HeLaPhaiDiVinWonders #ViralThreads #WonderSummer #DuLichHe2026 #Vinpearl #SummerVibes","235"
"19","20/06/2026","#WonderSummer2026 #VinWonders #GreenCreator #HeLaPhaiDiVinWonders","Chuyện là hôm qua mình đi VinWonders, lúc đầu tính chơi có 2 tiếng thôi mà cuối cả ngày mới về. Đã quá các bác ạ! #WonderSummer2026 #VinWonders #GreenCreator #HeLaPhaiDiVinWonders #ViralThreads #WonderSummer #DuLichHe2026 #Vinpearl #SummerVibes","244"
"20","21/06/2026","#WonderSummer2026 #VinWonders #GreenCreator #HeLaPhaiDiVinWonders","Hè tới rồi, hè là phải đi VinWonders thôi! Nghe nói mùa hè này có event siêu hot, không đi thì phí quá! #WonderSummer2026 #VinWonders #GreenCreator #HeLaPhaiDiVinWonders #ViralThreads #WonderSummer #DuLichHe2026 #Vinpearl #SummerVibes","234"
"21","22/06/2026","#WonderSummer2026 #VinWonders #GreenCreator #HeLaPhaiDiVinWonders","Hè tới rồi, hè là phải đi VinWonders thôi! Nghe nói mùa hè này có event siêu hot, không đi thì phí quá! #WonderSummer2026 #VinWonders #GreenCreator #HeLaPhaiDiVinWonders #ViralThreads #WonderSummer #DuLichHe2026 #Vinpearl #SummerVibes","234"
"22","23/06/2026","#WonderSummer2026 #VinWonders #GreenCreator #HeLaPhaiDiVinWonders","Tranh luận nè: Đi VinWonders mùa hè nên chơi công viên nước trước hay công viên giải trí trước? Vote đi các bác! #WonderSummer2026 #VinWonders #GreenCreator #HeLaPhaiDiVinWonders #ViralThreads #WonderSummer #DuLichHe2026 #Vinpearl #SummerVibes","243"
"23","24/06/2026","#WonderSummer2026 #VinWonders #GreenCreator #HeLaPhaiDiVinWonders","Sáng đi VinWonders hay chiều đi VinWonders? Mọi người chọn giờ nào để chơi cho đã? #WonderSummer2026 #VinWonders #GreenCreator #HeLaPhaiDiVinWonders #ViralThreads #WonderSummer #DuLichHe2026 #Vinpearl #SummerVibes","213"
"24","25/06/2026","#WonderSummer2026 #VinWonders #GreenCreator #HeLaPhaiDiVinWonders","Nhìn ảnh bạn bè đi VinWonders mà thèm quá! Hè này nhất định phải đi mới được! #WonderSummer2026 #VinWonders #GreenCreator #HeLaPhaiDiVinWonders #ViralThreads #WonderSummer #DuLichHe2026 #Vinpearl #SummerVibes","208"
"25","26/06/2026","#WonderSummer2026 #VinWonders #GreenCreator #HeLaPhaiDiVinWonders","Chuyện là hôm qua mình đi VinWonders, lúc đầu tính chơi có 2 tiếng thôi mà cuối cả ngày mới về. Đã quá các bác ạ! #WonderSummer2026 #VinWonders #GreenCreator #HeLaPhaiDiVinWonders #ViralThreads #WonderSummer #DuLichHe2026 #Vinpearl #SummerVibes","244"
"26","27/06/2026","#WonderSummer2026 #VinWonders #GreenCreator #HeLaPhaiDiVinWonders","Mình đã khám phá hết VinWonders mất 2 ngày liền. Tip nhỏ: nên đi từ sáng sớm để chơi được nhiều trò nha! #WonderSummer2026 #VinWonders #GreenCreator #HeLaPhaiDiVinWonders #ViralThreads #WonderSummer #DuLichHe2026 #Vinpearl #SummerVibes","235"
"27","28/06/2026","#WonderSummer2026 #VinWonders #GreenCreator #HeLaPhaiDiVinWonders","Hè tới rồi, hè là phải đi VinWonders thôi! Nghe nói mùa hè này có event siêu hot, không đi thì phí quá! #WonderSummer2026 #VinWonders #GreenCreator #HeLaPhaiDiVinWonders #ViralThreads #WonderSummer #DuLichHe2026 #Vinpearl #SummerVibes","234"
"28","29/06/2026","#WonderSummer2026 #VinWonders #GreenCreator #HeLaPhaiDiVinWonders","Mình đã khám phá hết VinWonders mất 2 ngày liền. Tip nhỏ: nên đi từ sáng sớm để chơi được nhiều trò nha! #WonderSummer2026 #VinWonders #GreenCreator #HeLaPhaiDiVinWonders #ViralThreads #WonderSummer #DuLichHe2026 #Vinpearl #SummerVibes","235"
"29","30/06/2026","#WonderSummer2026 #VinWonders #GreenCreator #HeLaPhaiDiVinWonders","Vừa trải nghiệm tàu lượn siêu tốc ở VinWonders xong, tim vẫn còn đập thình thịch! Ai đã thử chưa, cảm giác thế nào? #WonderSummer2026 #VinWonders #GreenCreator #HeLaPhaiDiVinWonders #ViralThreads #WonderSummer #DuLichHe2026 #Vinpearl #SummerVibes","246"
"30","01/07/2026","#WonderSummer2026 #VinWonders #GreenCreator #HeLaPhaiDiVinWonders","Nhìn ảnh bạn bè đi VinWonders mà thèm quá! Hè này nhất định phải đi mới được! #WonderSummer2026 #VinWonders #GreenCreator #HeLaPhaiDiVinWonders #ViralThreads #WonderSummer #DuLichHe2026 #Vinpearl #SummerVibes","208"
